1,Thomas,Wright,01/15/2017
2,Daniel,Roberts,01/05/2017
3,Johnny,Moreno,12/12/2016
4,Marilyn,Young,10/12/2016
5,Ralph,Grant,08/05/2016
6,Cheryl,Chavez,11/22/2016
7,Earl,Gordon,10/21/2016
8,Steven,Sullivan,04/17/2016
9,Diana,Gardner,01/16/2017
10,Ryan,Young,11/15/2016
11,Ernest,Castillo,08/10/2016
12,Harold,Carter,12/21/2016
13,Denise,Romero,06/09/2016
14,Eugene,Diaz,02/13/2016
15,Sarah,Sanders,05/15/2016
16,Robert,Alvarez,02/24/2016
17,Ronald,Dean,09/16/2016
18,Heather,Mills,12/05/2016
19,Melissa,Bryant,02/22/2016
20,Sarah,Ellis,12/09/2016
21,Sharon,Stanley,03/02/2016
22,Marilyn,Henry,10/10/2016
23,Ruby,Baker,04/18/2016
24,Alice,Jackson,01/07/2017
25,Diana,Hart,09/17/2016
26,Steve,Mendoza,09/09/2016
27,Helen,Burns,06/11/2016
28,Emily,Dunn,11/29/2016
29,Timothy,Cook,05/04/2016
30,Donald,Hunt,05/10/2016
31,Janet,Watson,04/21/2016
32,Raymond,Howard,01/02/2017
33,Samuel,Lawrence,01/10/2017
34,Rose,Carr,03/29/2016
35,Lawrence,Lawson,07/30/2016
36,Barbara,Harris,09/19/2016
37,Anne,Davis,12/02/2016
38,Mark,Taylor,01/24/2016
39,George,Garza,11/24/2016
40,Stephanie,Sullivan,03/09/2016
41,Daniel,Alexander,07/09/2016
42,Victor,Watson,05/27/2016
43,Harold,Howell,09/02/2016
44,Jacqueline,Hernandez,10/19/2016
45,Michael,Harper,08/30/2016
46,Gerald,Gomez,03/09/2016
47,Shirley,Perkins,11/30/2016
48,Richard,Harris,02/04/2016
49,Margaret,Mason,12/30/2016
50,Albert,Johnston,04/05/2016
